{
  "model_id": "meta-llama/Llama-3.1-8B-Instruct",
  "layer": 14,
  "probe_npz": "results/direction_probe/llama8b_l14/raw_residuals.npz",
  "buckets": [
    "clean_check_or_call",
    "clean_legal_fold",
    "illegal_fold"
  ],
  "positions_relative": [
    -300,
    -200,
    -100,
    -50,
    -20,
    -10,
    -5,
    -2,
    -1,
    0,
    1,
    2,
    5,
    10,
    20,
    50,
    100
  ],
  "per_bucket_per_position": {
    "clean_check_or_call": {
      "-300": {
        "n": 50,
        "mean": -0.00654796963557601,
        "std": 0.2643515147961645,
        "median": 0.00834819208830595
      },
      "-200": {
        "n": 50,
        "mean": -0.13149570744950323,
        "std": 0.4317927625505674,
        "median": -0.028279008343815804
      },
      "-100": {
        "n": 50,
        "mean": 0.00309112380258739,
        "std": 0.22725214673428235,
        "median": -0.028509948402643204
      },
      "-50": {
        "n": 50,
        "mean": -0.08196746850386262,
        "std": 0.2876076632802155,
        "median": -0.06825485080480576
      },
      "-20": {
        "n": 50,
        "mean": 0.1302096914674621,
        "std": 0.29519427802732684,
        "median": 0.12279581651091576
      },
      "-10": {
        "n": 50,
        "mean": 0.03546162217389792,
        "std": 0.32888759972540293,
        "median": -0.004281295579858124
      },
      "-5": {
        "n": 50,
        "mean": -0.07506462095305323,
        "std": 0.046773171626939794,
        "median": -0.0744498074054718
      },
      "-2": {
        "n": 50,
        "mean": 0.5916415918897837,
        "std": 0.38984335585174207,
        "median": 0.6744887232780457
      },
      "-1": {
        "n": 50,
        "mean": 0.743677546759136,
        "std": 0.2463698538605605,
        "median": 0.7572402358055115
      },
      "0": {
        "n": 50,
        "mean": 1.4546269510686398,
        "std": 0.5336911961089129,
        "median": 1.6278830170631409
      },
      "1": {
        "n": 50,
        "mean": 1.1710001784563064,
        "std": 0.2705772841905673,
        "median": 1.221729040145874
      },
      "2": {
        "n": 50,
        "mean": 1.0017520463466645,
        "std": 0.2443693870621069,
        "median": 0.9880463182926178
      },
      "5": null,
      "10": null,
      "20": null,
      "50": null,
      "100": null
    },
    "clean_legal_fold": {
      "-300": {
        "n": 50,
        "mean": 0.012381215952336789,
        "std": 0.22153457004274002,
        "median": 0.010462196078151464
      },
      "-200": {
        "n": 50,
        "mean": -0.10036616177298129,
        "std": 0.26165241224361674,
        "median": -0.09126492217183113
      },
      "-100": {
        "n": 50,
        "mean": -0.11630403480259702,
        "std": 0.17493850204369024,
        "median": -0.1636476144194603
      },
      "-50": {
        "n": 50,
        "mean": -0.22447214514017105,
        "std": 0.17622299057016133,
        "median": -0.2219254970550537
      },
      "-20": {
        "n": 50,
        "mean": -0.32754523037001493,
        "std": 0.405510824387611,
        "median": -0.3192923367023468
      },
      "-10": {
        "n": 50,
        "mean": -1.059958939552307,
        "std": 0.4063354318604188,
        "median": -1.0649548768997192
      },
      "-5": {
        "n": 50,
        "mean": -0.22685223042964936,
        "std": 0.021031170600656193,
        "median": -0.2308720052242279
      },
      "-2": {
        "n": 50,
        "mean": -1.4861082935333252,
        "std": 0.2065132015402244,
        "median": -1.5260483026504517
      },
      "-1": {
        "n": 50,
        "mean": -1.0635982039570808,
        "std": 0.40074007702533054,
        "median": -1.0821420550346375
      },
      "0": {
        "n": 50,
        "mean": -1.9903884553909301,
        "std": 0.35656895507974945,
        "median": -2.081445574760437
      },
      "1": {
        "n": 50,
        "mean": -0.9938592427968979,
        "std": 0.44090550210753593,
        "median": -0.8552922606468201
      },
      "2": {
        "n": 50,
        "mean": -1.6349955487251282,
        "std": 0.09894096511744312,
        "median": -1.6353241205215454
      },
      "5": null,
      "10": null,
      "20": null,
      "50": null,
      "100": null
    },
    "illegal_fold": {
      "-300": {
        "n": 50,
        "mean": 0.05725888501852751,
        "std": 0.14784025951221016,
        "median": 0.036660692654550076
      },
      "-200": {
        "n": 50,
        "mean": -0.11309682423481718,
        "std": 0.29921656026459625,
        "median": -0.06372789852321148
      },
      "-100": {
        "n": 50,
        "mean": -0.032205432467162606,
        "std": 0.21318380461635256,
        "median": -0.05910504423081875
      },
      "-50": {
        "n": 50,
        "mean": -0.14242237145081163,
        "std": 0.23177544361367716,
        "median": -0.15067777037620544
      },
      "-20": {
        "n": 50,
        "mean": -0.4086730537889525,
        "std": 0.2964746758881579,
        "median": -0.4192621558904648
      },
      "-10": {
        "n": 50,
        "mean": -0.9958432081341744,
        "std": 0.33856706643573176,
        "median": -0.9843795597553253
      },
      "-5": {
        "n": 50,
        "mean": -0.21680573493242264,
        "std": 0.022923340196385988,
        "median": -0.21461910754442215
      },
      "-2": {
        "n": 50,
        "mean": -1.1584626019001008,
        "std": 0.20202222094924258,
        "median": -1.150594711303711
      },
      "-1": {
        "n": 50,
        "mean": -0.8238644936680793,
        "std": 0.3320325676689567,
        "median": -0.8016426861286163
      },
      "0": {
        "n": 50,
        "mean": -1.2753432750701905,
        "std": 0.3555382778798412,
        "median": -1.2725797891616821
      },
      "1": {
        "n": 50,
        "mean": -0.6829953163862228,
        "std": 0.27145730804490925,
        "median": -0.5876146256923676
      },
      "2": {
        "n": 50,
        "mean": -1.602261369228363,
        "std": 0.07019184805063731,
        "median": -1.5915886759757996
      },
      "5": null,
      "10": null,
      "20": null,
      "50": null,
      "100": null
    }
  }
}