group,street,opp_action,n,js_cardonly_mean,js_cardonly_ci_lo,js_cardonly_ci_hi,js_strategyaware_mean,js_strategyaware_ci_lo,js_strategyaware_ci_hi,closer_to,js_difference,llm_trash_mean,oracle_trash_mean
OVERALL,ALL,ALL,371,0.4119505488505457,0.4082166884207852,0.41596673659350225,0.42829684423253306,0.42321869434920206,0.43318646443631487,CardOnly,-0.01634629538198734,0.15200901411756465,0.6650807174738121
street=PREFLOP,PREFLOP,ALL,368,0.41154711901454044,0.4078546655149194,0.4155939218806688,0.42797478987400867,0.42260319272301106,0.43341986295579155,CardOnly,-0.016427670859468224,0.15230570435287333,0.6652350728160263
street=FLOP,FLOP,ALL,2,0.4471764129363791,0.40363545271115897,0.4907173731615992,0.43930464948080594,0.39480180241025076,0.4838074965513611,StrategyAware,0.007871763455573166,0.12461773700305809,0.6150386779418857
street=TURN,TURN,ALL,1,0.48996100032880097,,,0.5247972376729587,,,CardOnly,-0.03483623734415775,0.09760956175298804,0.7083620306028714
opp_action=AGGRESSIVE,ALL,AGGRESSIVE,285,0.41430640931285434,0.4095974772240915,0.41942828271014665,0.4180903624680736,0.4122932327289466,0.42396348919865734,CardOnly,-0.003783953155219233,0.15161742918510487,0.6445945381985075
opp_action=PASSIVE,ALL,PASSIVE,86,0.4041433368533601,0.399795585350984,0.4093203286527486,0.4621206500798697,0.4578797373360963,0.4668210864643531,CardOnly,-0.057977313226509564,0.15330670837048363,0.732970962746624
PREFLOP×AGGRESSIVE,PREFLOP,AGGRESSIVE,283,0.4140741124674584,0.4094406745513994,0.4191923306818221,0.4179404381782309,0.41227067471147094,0.4235461940568572,CardOnly,-0.0038663257107725,0.15180823973056104,0.6448034135360102
PREFLOP×PASSIVE,PREFLOP,PASSIVE,85,0.40313371728306086,0.39922170233003657,0.40782047701239227,0.4613832784611275,0.45761071006477033,0.46591645750632704,CardOnly,-0.05824956117806662,0.15396196891892477,0.733260479595374
