{
  "model_id": "Qwen/Qwen3-8B",
  "layer": 23,
  "probe_npz": "results/direction_probe/qwen8b_l23/raw_residuals.npz",
  "buckets": [
    "clean_check_or_call",
    "clean_legal_fold",
    "illegal_fold"
  ],
  "positions_relative": [
    -300,
    -200,
    -100,
    -50,
    -20,
    -10,
    -5,
    -2,
    -1,
    0,
    1,
    2,
    5,
    10,
    20,
    50,
    100
  ],
  "per_bucket_per_position": {
    "clean_check_or_call": {
      "-300": {
        "n": 33,
        "mean": 46.449781121629655,
        "std": 219.411366940526,
        "median": 7.945196628570557
      },
      "-200": {
        "n": 50,
        "mean": 5.081775150299072,
        "std": 6.85136211674899,
        "median": 6.215807676315308
      },
      "-100": {
        "n": 50,
        "mean": 5.017401791960001,
        "std": 4.841601339794896,
        "median": 4.741523742675781
      },
      "-50": {
        "n": 50,
        "mean": 12.684147183895112,
        "std": 6.130243262367735,
        "median": 11.245383739471436
      },
      "-20": {
        "n": 50,
        "mean": 16.32893545150757,
        "std": 7.10730831536955,
        "median": 14.97434139251709
      },
      "-10": {
        "n": 50,
        "mean": 13.26967750787735,
        "std": 7.067489080667163,
        "median": 11.23721694946289
      },
      "-5": {
        "n": 50,
        "mean": -2.3425364470481873,
        "std": 0.39611821071027775,
        "median": -2.264406681060791
      },
      "-2": {
        "n": 50,
        "mean": 16.630404024124147,
        "std": 2.262975350704924,
        "median": 16.6943416595459
      },
      "-1": {
        "n": 50,
        "mean": 19.152909421920775,
        "std": 3.545905468808952,
        "median": 19.589183807373047
      },
      "0": {
        "n": 50,
        "mean": 24.751494483947752,
        "std": 4.626421059998324,
        "median": 25.694693565368652
      },
      "1": {
        "n": 50,
        "mean": 13.893796730041505,
        "std": 1.518064455915069,
        "median": 13.543593883514404
      },
      "2": {
        "n": 50,
        "mean": 13.024431438446046,
        "std": 1.79333015776937,
        "median": 13.23484182357788
      },
      "5": null,
      "10": null,
      "20": null,
      "50": null,
      "100": null
    },
    "clean_legal_fold": {
      "-300": {
        "n": 50,
        "mean": 31.88352294743061,
        "std": 179.41092744660165,
        "median": 5.487988233566284
      },
      "-200": {
        "n": 50,
        "mean": 6.681069180965424,
        "std": 4.6115065781736755,
        "median": 7.256674289703369
      },
      "-100": {
        "n": 50,
        "mean": 3.8087559723854065,
        "std": 4.949487435623568,
        "median": 3.13606595993042
      },
      "-50": {
        "n": 50,
        "mean": 10.719935374259949,
        "std": 4.170075491960483,
        "median": 11.810259342193604
      },
      "-20": {
        "n": 50,
        "mean": 10.073587337434292,
        "std": 4.9802620003176115,
        "median": 9.338001251220703
      },
      "-10": {
        "n": 50,
        "mean": -5.130225094258785,
        "std": 2.919372611629806,
        "median": -4.410202741622925
      },
      "-5": {
        "n": 50,
        "mean": -4.348306579589844,
        "std": 0.2531596116637456,
        "median": -4.334070444107056
      },
      "-2": {
        "n": 50,
        "mean": -12.246222172975541,
        "std": 2.1595462843521216,
        "median": -12.508362293243408
      },
      "-1": {
        "n": 50,
        "mean": -11.394395475387574,
        "std": 1.8360815103038943,
        "median": -12.101010799407959
      },
      "0": {
        "n": 50,
        "mean": -22.608750534057616,
        "std": 3.3434553323721334,
        "median": -23.5515079498291
      },
      "1": {
        "n": 50,
        "mean": -17.924411716461183,
        "std": 2.3462349197564443,
        "median": -18.561001777648926
      },
      "2": {
        "n": 50,
        "mean": -11.988762893676757,
        "std": 0.5960778955477457,
        "median": -11.989171028137207
      },
      "5": null,
      "10": null,
      "20": null,
      "50": null,
      "100": null
    },
    "illegal_fold": {
      "-300": {
        "n": 23,
        "mean": 5.999466890874117,
        "std": 2.553340650675389,
        "median": 6.334329128265381
      },
      "-200": {
        "n": 24,
        "mean": 4.124810682144016,
        "std": 6.591706389486892,
        "median": 6.931195974349976
      },
      "-100": {
        "n": 24,
        "mean": 4.10151006700471,
        "std": 4.787534169879845,
        "median": 5.100313425064087
      },
      "-50": {
        "n": 24,
        "mean": 10.596147934595743,
        "std": 2.9696179542591516,
        "median": 10.698219776153564
      },
      "-20": {
        "n": 24,
        "mean": 11.219902793566385,
        "std": 5.278579268063102,
        "median": 13.66002893447876
      },
      "-10": {
        "n": 24,
        "mean": -3.786150531222423,
        "std": 3.365931261493409,
        "median": -2.9913030862808228
      },
      "-5": {
        "n": 24,
        "mean": -4.184070398410161,
        "std": 0.27114518028464646,
        "median": -4.131606340408325
      },
      "-2": {
        "n": 24,
        "mean": -7.429857169588407,
        "std": 2.250312911326254,
        "median": -7.3804686069488525
      },
      "-1": {
        "n": 24,
        "mean": -7.309930304686229,
        "std": 2.393428097206075,
        "median": -6.946878671646118
      },
      "0": {
        "n": 24,
        "mean": -12.355982412894567,
        "std": 3.071308515868414,
        "median": -11.730116844177246
      },
      "1": {
        "n": 24,
        "mean": -13.331761757532755,
        "std": 3.370575011565816,
        "median": -11.610554218292236
      },
      "2": {
        "n": 24,
        "mean": -11.204561392466227,
        "std": 0.8212438000843572,
        "median": -11.05937910079956
      },
      "5": null,
      "10": null,
      "20": null,
      "50": null,
      "100": null
    }
  }
}