{
  "cot_qwen8b_t02_s123_informative_v2_enriched": {
    "total_decisions": 612,
    "decisions_with_cot": 345,
    "parse_success_rate": 0.5424836601307189,
    "fallback_rate": 0.021241830065359478,
    "reasoning": {
      "avg_length": 621.0057971014493,
      "frac_mentions_opponent_actions": 1.0,
      "frac_mentions_board_texture": 0.9101449275362319,
      "frac_mentions_hand_combos": 1.0,
      "avg_quality_score": 0.9700483091787439
    },
    "belief_js_to_card_only": {
      "mean": 0.4883082639179605,
      "std": 0.0574923616033808,
      "n": 344
    },
    "belief_js_to_strategy_aware": {
      "mean": 0.47282042183649425,
      "std": 0.06068796733819067,
      "n": 344
    },
    "quality_js_correlation": -0.20963772092737099
  },
  "cot_qwen8b_t02_s42_informative_v2_enriched": {
    "total_decisions": 804,
    "decisions_with_cot": 464,
    "parse_success_rate": 0.568407960199005,
    "fallback_rate": 0.008706467661691543,
    "reasoning": {
      "avg_length": 618.0991379310345,
      "frac_mentions_opponent_actions": 1.0,
      "frac_mentions_board_texture": 0.8943965517241379,
      "frac_mentions_hand_combos": 1.0,
      "avg_quality_score": 0.9647988505747126
    },
    "belief_js_to_card_only": {
      "mean": 0.47827946945145317,
      "std": 0.05997236766998591,
      "n": 459
    },
    "belief_js_to_strategy_aware": {
      "mean": 0.5285128900594912,
      "std": 0.05738020256193325,
      "n": 459
    },
    "quality_js_correlation": -0.2593757209266163
  },
  "cot_qwen8b_t02_s456_informative_v2_enriched": {
    "total_decisions": 568,
    "decisions_with_cot": 331,
    "parse_success_rate": 0.5633802816901409,
    "fallback_rate": 0.01936619718309859,
    "reasoning": {
      "avg_length": 617.0422960725075,
      "frac_mentions_opponent_actions": 1.0,
      "frac_mentions_board_texture": 0.9093655589123867,
      "frac_mentions_hand_combos": 0.9969788519637462,
      "avg_quality_score": 0.9687814702920442
    },
    "belief_js_to_card_only": {
      "mean": 0.48079016668916125,
      "std": 0.05820172904335212,
      "n": 331
    },
    "belief_js_to_strategy_aware": {
      "mean": 0.455837742760374,
      "std": 0.06420388161330834,
      "n": 331
    },
    "quality_js_correlation": -0.24046304773982377
  },
  "cot_qwen8b_t0_s123_informative_v2_enriched": {
    "total_decisions": 603,
    "decisions_with_cot": 350,
    "parse_success_rate": 0.5638474295190713,
    "fallback_rate": 0.01658374792703151,
    "reasoning": {
      "avg_length": 619.9514285714286,
      "frac_mentions_opponent_actions": 1.0,
      "frac_mentions_board_texture": 0.9342857142857143,
      "frac_mentions_hand_combos": 1.0,
      "avg_quality_score": 0.9780952380952382
    },
    "belief_js_to_card_only": {
      "mean": 0.4812319377181882,
      "std": 0.06488586926401375,
      "n": 350
    },
    "belief_js_to_strategy_aware": {
      "mean": 0.4619418253804829,
      "std": 0.06746661668829033,
      "n": 350
    },
    "quality_js_correlation": -0.2599654869117199
  },
  "cot_qwen8b_t0_s42_informative_v2_enriched": {
    "total_decisions": 796,
    "decisions_with_cot": 455,
    "parse_success_rate": 0.5640703517587939,
    "fallback_rate": 0.007537688442211055,
    "reasoning": {
      "avg_length": 615.2659340659341,
      "frac_mentions_opponent_actions": 1.0,
      "frac_mentions_board_texture": 0.9054945054945055,
      "frac_mentions_hand_combos": 1.0,
      "avg_quality_score": 0.9684981684981684
    },
    "belief_js_to_card_only": {
      "mean": 0.4780340321362029,
      "std": 0.06663817178514576,
      "n": 455
    },
    "belief_js_to_strategy_aware": {
      "mean": 0.5285074352121271,
      "std": 0.06129327530302573,
      "n": 455
    },
    "quality_js_correlation": -0.17924518340273207
  },
  "cot_qwen8b_t0_s456_informative_v2_enriched": {
    "total_decisions": 616,
    "decisions_with_cot": 357,
    "parse_success_rate": 0.560064935064935,
    "fallback_rate": 0.01948051948051948,
    "reasoning": {
      "avg_length": 617.6778711484594,
      "frac_mentions_opponent_actions": 1.0,
      "frac_mentions_board_texture": 0.938375350140056,
      "frac_mentions_hand_combos": 0.9943977591036415,
      "avg_quality_score": 0.9775910364145658
    },
    "belief_js_to_card_only": {
      "mean": 0.4730001699831832,
      "std": 0.05993377339985671,
      "n": 357
    },
    "belief_js_to_strategy_aware": {
      "mean": 0.448212325310103,
      "std": 0.06570371037363278,
      "n": 357
    },
    "quality_js_correlation": -0.1097635746128762
  }
}