{
  "cot_llama8b_t02_s123_informative_v2_enriched": {
    "total_decisions": 528,
    "decisions_with_cot": 312,
    "parse_success_rate": 0.5549242424242424,
    "fallback_rate": 0.03598484848484849,
    "reasoning": {
      "avg_length": 815.4679487179487,
      "frac_mentions_opponent_actions": 1.0,
      "frac_mentions_board_texture": 0.9711538461538461,
      "frac_mentions_hand_combos": 0.9711538461538461,
      "avg_quality_score": 0.9807692307692307
    },
    "belief_js_to_card_only": {
      "mean": 0.4449940163233928,
      "std": 0.1256224988807795,
      "n": 310
    },
    "belief_js_to_strategy_aware": {
      "mean": 0.4568837142321431,
      "std": 0.11504576589794455,
      "n": 310
    },
    "quality_js_correlation": 0.09694615989014602
  },
  "cot_llama8b_t02_s42_informative_v2_enriched": {
    "total_decisions": 646,
    "decisions_with_cot": 378,
    "parse_success_rate": 0.5309597523219814,
    "fallback_rate": 0.05417956656346749,
    "reasoning": {
      "avg_length": 798.5185185185185,
      "frac_mentions_opponent_actions": 1.0,
      "frac_mentions_board_texture": 0.9656084656084656,
      "frac_mentions_hand_combos": 0.9788359788359788,
      "avg_quality_score": 0.9814814814814815
    },
    "belief_js_to_card_only": {
      "mean": 0.46184409447801994,
      "std": 0.1059969831405319,
      "n": 375
    },
    "belief_js_to_strategy_aware": {
      "mean": 0.4642401111462334,
      "std": 0.13964076949519102,
      "n": 375
    },
    "quality_js_correlation": 0.02686328845644733
  },
  "cot_llama8b_t02_s456_informative_v2_enriched": {
    "total_decisions": 542,
    "decisions_with_cot": 328,
    "parse_success_rate": 0.5645756457564576,
    "fallback_rate": 0.04059040590405904,
    "reasoning": {
      "avg_length": 813.469512195122,
      "frac_mentions_opponent_actions": 1.0,
      "frac_mentions_board_texture": 0.9878048780487805,
      "frac_mentions_hand_combos": 0.9847560975609756,
      "avg_quality_score": 0.9908536585365854
    },
    "belief_js_to_card_only": {
      "mean": 0.44385984129755995,
      "std": 0.11782438823117988,
      "n": 326
    },
    "belief_js_to_strategy_aware": {
      "mean": 0.4575193441649592,
      "std": 0.10432385363036875,
      "n": 326
    },
    "quality_js_correlation": -0.021904587534018038
  },
  "cot_llama8b_t0_s123_informative_v2_enriched": {
    "total_decisions": 596,
    "decisions_with_cot": 351,
    "parse_success_rate": 0.5318791946308725,
    "fallback_rate": 0.05704697986577181,
    "reasoning": {
      "avg_length": 822.8319088319088,
      "frac_mentions_opponent_actions": 1.0,
      "frac_mentions_board_texture": 0.9743589743589743,
      "frac_mentions_hand_combos": 0.9829059829059829,
      "avg_quality_score": 0.9857549857549858
    },
    "belief_js_to_card_only": {
      "mean": 0.4186670887299835,
      "std": 0.10633794013979128,
      "n": 351
    },
    "belief_js_to_strategy_aware": {
      "mean": 0.4302325397045887,
      "std": 0.0990024299162389,
      "n": 351
    },
    "quality_js_correlation": 0.05563704504363632
  },
  "cot_llama8b_t0_s42_informative_v2_enriched": {
    "total_decisions": 610,
    "decisions_with_cot": 350,
    "parse_success_rate": 0.5475409836065573,
    "fallback_rate": 0.02622950819672131,
    "reasoning": {
      "avg_length": 820.9457142857143,
      "frac_mentions_opponent_actions": 1.0,
      "frac_mentions_board_texture": 0.9657142857142857,
      "frac_mentions_hand_combos": 0.9857142857142858,
      "avg_quality_score": 0.9838095238095238
    },
    "belief_js_to_card_only": {
      "mean": 0.44053172237527083,
      "std": 0.08651182109550486,
      "n": 350
    },
    "belief_js_to_strategy_aware": {
      "mean": 0.4336312368895004,
      "std": 0.12619703183004877,
      "n": 350
    },
    "quality_js_correlation": -0.004222488380429318
  },
  "cot_llama8b_t0_s456_informative_v2_enriched": {
    "total_decisions": 524,
    "decisions_with_cot": 316,
    "parse_success_rate": 0.5687022900763359,
    "fallback_rate": 0.03435114503816794,
    "reasoning": {
      "avg_length": 822.373417721519,
      "frac_mentions_opponent_actions": 1.0,
      "frac_mentions_board_texture": 0.9841772151898734,
      "frac_mentions_hand_combos": 0.9651898734177216,
      "avg_quality_score": 0.9831223628691984
    },
    "belief_js_to_card_only": {
      "mean": 0.41979857412553856,
      "std": 0.1057805815532315,
      "n": 316
    },
    "belief_js_to_strategy_aware": {
      "mean": 0.437913041682483,
      "std": 0.09359186142340217,
      "n": 316
    },
    "quality_js_correlation": 0.041899575014335444
  }
}