{
  "enriched_log": "logs/cot_llama8b_t0_s123_informative_v2_logitlens_enriched.jsonl.gz",
  "n_enriched_logs": 1,
  "model_id": "meta-llama/Llama-3.1-8B-Instruct",
  "source_bucket": "clean_check_or_call",
  "target_bucket": "illegal_fold",
  "n_source": 10,
  "n_target": 30,
  "layer": 14,
  "num_heads": 32,
  "head_dim": 128,
  "components_tested": [
    "residual",
    "attn",
    "mlp",
    "head"
  ],
  "head_indices_tested": [
    0,
    1,
    2,
    3,
    4,
    5,
    6,
    7,
    8,
    9,
    10,
    11,
    12,
    13,
    14,
    15,
    16,
    17,
    18,
    19,
    20,
    21,
    22,
    23,
    24,
    25,
    26,
    27,
    28,
    29,
    30,
    31
  ],
  "controls": {
    "baseline_top1_match_rate": 0.9666666666666667,
    "self_patch_max_logit_drift": 0.0
  },
  "per_mode": {
    "residual": {
      "mode": "residual",
      "head_spec": null,
      "n": 300,
      "mean_delta_check_minus_fold": 7.939590333333337,
      "ratio_to_residual": 1.0,
      "frac_top1_check_call": 0.8066666666666666,
      "frac_top1_fold": 0.11666666666666667,
      "frac_top1_bet_raise": 0.07666666666666666,
      "frac_top1_other": 0.0
    },
    "attn": {
      "mode": "attn",
      "head_spec": null,
      "n": 300,
      "mean_delta_check_minus_fold": 3.872077000000001,
      "ratio_to_residual": 0.48769229109260076,
      "frac_top1_check_call": 0.24,
      "frac_top1_fold": 0.7533333333333333,
      "frac_top1_bet_raise": 0.006666666666666667,
      "frac_top1_other": 0.0
    },
    "mlp": {
      "mode": "mlp",
      "head_spec": null,
      "n": 300,
      "mean_delta_check_minus_fold": -0.5994053333333328,
      "ratio_to_residual": -0.07549575080930908,
      "frac_top1_check_call": 0.0033333333333333335,
      "frac_top1_fold": 0.93,
      "frac_top1_bet_raise": 0.06666666666666667,
      "frac_top1_other": 0.0
    },
    "head_00": {
      "mode": "head",
      "head_spec": 0,
      "n": 300,
      "mean_delta_check_minus_fold": -0.1525879999999998,
      "ratio_to_residual": -0.019218623832438678,
      "frac_top1_check_call": 0.03333333333333333,
      "frac_top1_fold": 0.9633333333333334,
      "frac_top1_bet_raise": 0.0033333333333333335,
      "frac_top1_other": 0.0
    },
    "head_01": {
      "mode": "head",
      "head_spec": 1,
      "n": 300,
      "mean_delta_check_minus_fold": 0.17906666666666662,
      "ratio_to_residual": 0.022553640571967362,
      "frac_top1_check_call": 0.0033333333333333335,
      "frac_top1_fold": 0.9433333333333334,
      "frac_top1_bet_raise": 0.05333333333333334,
      "frac_top1_other": 0.0
    },
    "head_02": {
      "mode": "head",
      "head_spec": 2,
      "n": 300,
      "mean_delta_check_minus_fold": 0.7132773333333335,
      "ratio_to_residual": 0.08983805251748714,
      "frac_top1_check_call": 0.03333333333333333,
      "frac_top1_fold": 0.9433333333333334,
      "frac_top1_bet_raise": 0.023333333333333334,
      "frac_top1_other": 0.0
    },
    "head_03": {
      "mode": "head",
      "head_spec": 3,
      "n": 300,
      "mean_delta_check_minus_fold": -0.19485233333333335,
      "ratio_to_residual": -0.02454186238240419,
      "frac_top1_check_call": 0.03333333333333333,
      "frac_top1_fold": 0.9533333333333334,
      "frac_top1_bet_raise": 0.013333333333333334,
      "frac_top1_other": 0.0
    },
    "head_04": {
      "mode": "head",
      "head_spec": 4,
      "n": 300,
      "mean_delta_check_minus_fold": -0.07543266666666662,
      "ratio_to_residual": -0.00950082605017697,
      "frac_top1_check_call": 0.02666666666666667,
      "frac_top1_fold": 0.97,
      "frac_top1_bet_raise": 0.0033333333333333335,
      "frac_top1_other": 0.0
    },
    "head_05": {
      "mode": "head",
      "head_spec": 5,
      "n": 300,
      "mean_delta_check_minus_fold": 1.3739893333333326,
      "ratio_to_residual": 0.1730554443804005,
      "frac_top1_check_call": 0.03333333333333333,
      "frac_top1_fold": 0.9666666666666667,
      "frac_top1_bet_raise": 0.0,
      "frac_top1_other": 0.0
    },
    "head_06": {
      "mode": "head",
      "head_spec": 6,
      "n": 300,
      "mean_delta_check_minus_fold": -0.33096366666666627,
      "ratio_to_residual": -0.04168523220614524,
      "frac_top1_check_call": 0.006666666666666667,
      "frac_top1_fold": 0.9366666666666666,
      "frac_top1_bet_raise": 0.056666666666666664,
      "frac_top1_other": 0.0
    },
    "head_07": {
      "mode": "head",
      "head_spec": 7,
      "n": 300,
      "mean_delta_check_minus_fold": -0.009654000000000005,
      "ratio_to_residual": -0.0012159317539935206,
      "frac_top1_check_call": 0.02,
      "frac_top1_fold": 0.98,
      "frac_top1_bet_raise": 0.0,
      "frac_top1_other": 0.0
    },
    "head_08": {
      "mode": "head",
      "head_spec": 8,
      "n": 300,
      "mean_delta_check_minus_fold": -0.026618666666666634,
      "ratio_to_residual": -0.0033526498911299776,
      "frac_top1_check_call": 0.03333333333333333,
      "frac_top1_fold": 0.9666666666666667,
      "frac_top1_bet_raise": 0.0,
      "frac_top1_other": 0.0
    },
    "head_09": {
      "mode": "head",
      "head_spec": 9,
      "n": 300,
      "mean_delta_check_minus_fold": 0.03432033333333333,
      "ratio_to_residual": 0.004322683147673738,
      "frac_top1_check_call": 0.03333333333333333,
      "frac_top1_fold": 0.9666666666666667,
      "frac_top1_bet_raise": 0.0,
      "frac_top1_other": 0.0
    },
    "head_10": {
      "mode": "head",
      "head_spec": 10,
      "n": 300,
      "mean_delta_check_minus_fold": 0.06944433333333348,
      "ratio_to_residual": 0.0087465889822779,
      "frac_top1_check_call": 0.03333333333333333,
      "frac_top1_fold": 0.96,
      "frac_top1_bet_raise": 0.006666666666666667,
      "frac_top1_other": 0.0
    },
    "head_11": {
      "mode": "head",
      "head_spec": 11,
      "n": 300,
      "mean_delta_check_minus_fold": 0.1500766666666664,
      "ratio_to_residual": 0.01890231867966651,
      "frac_top1_check_call": 0.03333333333333333,
      "frac_top1_fold": 0.9666666666666667,
      "frac_top1_bet_raise": 0.0,
      "frac_top1_other": 0.0
    },
    "head_12": {
      "mode": "head",
      "head_spec": 12,
      "n": 300,
      "mean_delta_check_minus_fold": 0.04461566666666667,
      "ratio_to_residual": 0.005619391529478996,
      "frac_top1_check_call": 0.03333333333333333,
      "frac_top1_fold": 0.9666666666666667,
      "frac_top1_bet_raise": 0.0,
      "frac_top1_other": 0.0
    },
    "head_13": {
      "mode": "head",
      "head_spec": 13,
      "n": 300,
      "mean_delta_check_minus_fold": 0.1668379999999998,
      "ratio_to_residual": 0.021013426763286786,
      "frac_top1_check_call": 0.03333333333333333,
      "frac_top1_fold": 0.9566666666666667,
      "frac_top1_bet_raise": 0.01,
      "frac_top1_other": 0.0
    },
    "head_14": {
      "mode": "head",
      "head_spec": 14,
      "n": 300,
      "mean_delta_check_minus_fold": -0.07417133333333321,
      "ratio_to_residual": -0.009341959750987972,
      "frac_top1_check_call": 0.03333333333333333,
      "frac_top1_fold": 0.9666666666666667,
      "frac_top1_bet_raise": 0.0,
      "frac_top1_other": 0.0
    },
    "head_15": {
      "mode": "head",
      "head_spec": 15,
      "n": 300,
      "mean_delta_check_minus_fold": -0.009159333333333335,
      "ratio_to_residual": -0.0011536279516688747,
      "frac_top1_check_call": 0.03333333333333333,
      "frac_top1_fold": 0.9666666666666667,
      "frac_top1_bet_raise": 0.0,
      "frac_top1_other": 0.0
    },
    "head_16": {
      "mode": "head",
      "head_spec": 16,
      "n": 300,
      "mean_delta_check_minus_fold": -0.09250166666666654,
      "ratio_to_residual": -0.01165068508362583,
      "frac_top1_check_call": 0.03333333333333333,
      "frac_top1_fold": 0.9666666666666667,
      "frac_top1_bet_raise": 0.0,
      "frac_top1_other": 0.0
    },
    "head_17": {
      "mode": "head",
      "head_spec": 17,
      "n": 300,