{
  "tagged": "results/direction_probe/ministral8b_l16/raw_residuals_tagged.npz",
  "layer": 16,
  "n_oracle_rows": 514,
  "trash_r2": 0.9590615533078203,
  "mean_r2": 0.8040612015254137,
  "js_stated": 0.3041324675203201,
  "probe_trash_abs_err": 0.005964780757658704,
  "stated_trash_abs_err": 0.6335276134632295
}