{
  "validity_audit": {
    "total_records": 1101,
    "records_with_beliefs": 1101,
    "negative_entries": 0,
    "records_with_negatives": 0,
    "all_zero_records": 17,
    "valid_for_js": 1084,
    "min_value_seen": 0.0,
    "max_value_seen": 0.999,
    "prob_sum_mean": 1.1218210717529518,
    "prob_sum_std": 0.16251587989518612,
    "prob_sum_min": 0.0,
    "prob_sum_max": 1.475
  },
  "js_divergence": {
    "valid_count": 1084,
    "skipped_count": 17,
    "js_llm_cardonly_mean": 0.4066680791319614,
    "js_llm_cardonly_std": 0.060540975034725185,
    "js_llm_strataware_mean": 0.42037691042686004,
    "js_llm_strataware_std": 0.06390089698609931,
    "js_cardonly_strataware_mean": 0.050964668068899016,
    "js_cardonly_strataware_std": 0.017851835173243118,
    "llm_closer_to": "CardOnly",
    "js_difference": -0.013708831294898638,
    "l1_clipped_unnorm_cardonly_mean": 1.087435969774593,
    "l1_clipped_unnorm_cardonly_std": 0.1357179699257553,
    "l1_clipped_unnorm_strataware_mean": 1.109604615817593,
    "l1_clipped_unnorm_strataware_std": 0.16192171586804674,
    "l1_normalized_cardonly_mean": 1.011816961317183,
    "l1_normalized_cardonly_std": 0.1379764298894733,
    "l1_normalized_strataware_mean": 1.0353468236643588,
    "l1_normalized_strataware_std": 0.15558217679222583,
    "l1_clipped_unnorm_closer_to": "CardOnly",
    "l1_normalized_closer_to": "CardOnly"
  },
  "action_conditioning": {
    "by_category": {
      "AGGRESSIVE": {
        "n": 838,
        "llm_strong_mean": 0.23645465288203482,
        "sa_strong_mean": 0.060240803398861245,
        "llm_trash_mean": 0.16531671778829862,
        "sa_trash_mean": 0.6411467180425207
      },
      "PASSIVE": {
        "n": 246,
        "llm_strong_mean": 0.20838129645860476,
        "sa_strong_mean": 0.029956611004077323,
        "llm_trash_mean": 0.18119260210880553,
        "sa_trash_mean": 0.7336649017919131
      }
    },
    "shift_analysis": {
      "oracle_strong_shift": 0.030284192394783922,
      "llm_strong_shift": 0.028073356423430063,
      "oracle_trash_shift": -0.09251818374939247,
      "llm_trash_shift": -0.015875884320506906,
      "strong_shift_ratio": 0.9269970305784133,
      "trash_shift_ratio": 0.1715974490324034
    }
  }
}