file,hand_id,decision_idx,street,opp_action,pot_bucket,pot_total,js_cardonly,js_strategyaware,js_oracles,llm_trash,oracle_trash,llm_strong,oracle_strong,belief_sum_raw
cot_pilot_qwen8b_t02_s42_informative_v2_enriched.jsonl,f46a08fc,4,FLOP,AGGRESSIVE,small,6,0.4222414737298206,0.46611683706516116,0.05878596065761919,0.1553398058252427,0.7211738638723861,0.3592233009708738,0.036180597728051975,1.03
cot_pilot_qwen8b_t02_s42_informative_v2_enriched.jsonl,49beac3c,1,PREFLOP,PASSIVE,small,4,0.42518064194049493,0.4766133350164126,0.07441343588141223,0.1546391752577319,0.732897852993272,0.3608247422680411,0.033116045469430366,0.9700000000000003
cot_pilot_qwen8b_t02_s42_informative_v2_enriched.jsonl,b6a138a1,4,FLOP,AGGRESSIVE,small,6,0.508536299555407,0.552516604406649,0.06069034299653147,0.06818181818181815,0.7069654494813269,0.45454545454545436,0.04070680678258301,0.8800000000000003
cot_pilot_qwen8b_t0_s42_informative_v2_enriched.jsonl,0565fb1c,4,FLOP,AGGRESSIVE,small,6,0.5069867999495786,0.547207171370502,0.057429675150877796,0.0769230769230769,0.7082073783130923,0.47435897435897423,0.03952384372126509,0.7800000000000002
cot_pilot_qwen8b_t0_s42_informative_v2_enriched.jsonl,d46f9105,2,FLOP,PASSIVE,small,4,0.4756907058545759,0.527225298108909,0.07394209158257259,0.09090909090909088,0.730747383272899,0.27272727272727265,0.029292480968794735,1.1000000000000003
cot_pilot_qwen8b_t0_s42_informative_v2_enriched.jsonl,7d6f683d,1,PREFLOP,PASSIVE,small,4,0.5159373138920387,0.5632029658208018,0.07346663124181015,0.04854368932038836,0.7250955234631622,0.29126213592233013,0.027166304250692563,1.03
cot_pilot_qwen8b_t0_s42_informative_v2_enriched.jsonl,5da4f0e7,1,PREFLOP,PASSIVE,small,4,0.47828816284149106,0.5289575469539096,0.07419152138995987,0.08695652173913043,0.7162894268386938,0.3043478260869565,0.033643255404030604,1.1500000000000001
cot_pilot_qwen8b_t0_s42_informative_v2_enriched.jsonl,2be52f10,1,PREFLOP,PASSIVE,small,4,0.4867809648247361,0.5357325957134107,0.0741616368826797,0.09259259259259257,0.7194365618342655,0.37037037037037024,0.03149336390806125,1.08
