group,street,opp_action,n,js_cardonly_mean,js_cardonly_ci_lo,js_cardonly_ci_hi,js_strategyaware_mean,js_strategyaware_ci_lo,js_strategyaware_ci_hi,closer_to,js_difference,llm_trash_mean,oracle_trash_mean
OVERALL,ALL,ALL,8,0.4774552953235178,0.4521004743346486,0.4987940307760885,0.5246965443069695,0.4983910385731792,0.545383039792365,CardOnly,-0.04724124898345172,0.09676072134363398,0.7201016800086373
street=PREFLOP,PREFLOP,ALL,4,0.47654677087469016,0.4405807226615552,0.5065250261294018,0.5261266108761337,0.4913931501906621,0.556335373293954,CardOnly,-0.0495798400014435,0.09568299472746081,0.7234298412823483
street=FLOP,FLOP,ALL,4,0.47836381977234554,0.4434278052847601,0.5077712341250292,0.5232664777378053,0.4863894206414964,0.5498618878885755,CardOnly,-0.04490265796545978,0.09783844795980716,0.716773518734926
opp_action=AGGRESSIVE,ALL,AGGRESSIVE,3,0.4792548577449354,0.4222414737298206,0.508536299555407,0.5219468709474374,0.46611683706516116,0.5507467933946,CardOnly,-0.04269201320250199,0.10014823364337926,0.712115563888935
opp_action=PASSIVE,ALL,PASSIVE,5,0.4763755578706673,0.4481222106975424,0.5003711493593712,0.5263463483226888,0.49890602954331165,0.5505133582569449,CardOnly,-0.04997079045202146,0.09472821396378683,0.7248933496804586
