{
  "num_records": 460,
  "num_layers": 36,
  "avg_entropy_per_layer": [
    6.2094861337339395,
    5.967192616003835,
    6.269155667425951,
    6.451569957591352,
    7.212688599361871,
    7.274882073645728,
    7.229306941713588,
    7.3951965026141915,
    7.01839403489652,
    6.685090044402135,
    6.588498283841885,
    6.579796465125882,
    6.57459110822484,
    6.415097737921793,
    6.4333988661879955,
    6.5687654816166585,
    6.523145905403538,
    6.425033089832505,
    6.305555130217714,
    5.992971550414649,
    5.501430523035346,
    5.1887891614577795,
    3.9831393126946524,
    2.96768858302536,
    3.094544370325802,
    2.708743682596096,
    2.6836382294780545,
    1.9084095052399987,
    1.5522764473116435,
    1.299674347673885,
    1.2342834119199317,
    0.9168475460921469,
    0.7373067511938033,
    0.6479931255295683,
    0.8264977344953415,
    0.3026312847462472
  ],
  "crystallization_layer": {
    "mean": 35.0,
    "median": 35.0,
    "std": 0.0,
    "n": 460
  }
}