{
  "num_records": 357,
  "num_layers": 36,
  "avg_entropy_per_layer": [
    6.316387646947048,
    6.0614420522450585,
    6.357371782428849,
    6.550040453145108,
    7.2464430777180615,
    7.304612847329399,
    7.307548764628765,
    7.456572931563826,
    7.1257077855396025,
    6.710833971293314,
    6.61038211128231,
    6.607952914267087,
    6.600816261969926,
    6.455691972573668,
    6.471953081835533,
    6.582660901827612,
    6.522580461990541,
    6.41178521051589,
    6.317709299032638,
    6.015644845899831,
    5.537884119699742,
    5.241102007527533,
    4.033561083422442,
    3.01122287818932,
    3.102089233493637,
    2.732874348939995,
    2.7025369639573564,
    1.8942071564774454,
    1.553872324137301,
    1.3096027476973187,
    1.2555988886734564,
    0.9404341231000506,
    0.7393825563968295,
    0.6572181061498338,
    0.8524995395456163,
    0.32598040835303455
  ],
  "crystallization_layer": {
    "mean": 35.0,
    "median": 35.0,
    "std": 0.0,
    "n": 357
  }
}