{
  "num_records": 313,
  "num_layers": 36,
  "avg_entropy_per_layer": [
    10.476017191450985,
    9.891653159372634,
    10.207052053787086,
    10.163504039933748,
    10.306980056850124,
    10.216117589011997,
    10.317960759234726,
    10.203884127625434,
    10.202462969700827,
    10.157823225481451,
    10.374302787328094,
    10.472006232501204,
    10.505566151019504,
    10.444830182684825,
    10.449452603546622,
    10.154771289369583,
    10.156281955267186,
    9.990111632698406,
    9.696870690250867,
    9.317934305447817,
    8.74978553023704,
    8.28147039251265,
    8.451928277798332,
    8.12888417590765,
    7.720787846192165,
    6.977469153674457,
    6.544603426453643,
    6.308605134489001,
    5.771385672147867,
    5.103517532782029,
    4.897228011211475,
    3.9236261915248307,
    3.211359727333052,
    2.684820279902136,
    1.428039504558123,
    1.1860549149500221
  ],
  "crystallization_layer": {
    "mean": 35.0,
    "median": 35.0,
    "std": 0.0,
    "n": 313
  }
}