{
  "num_records": 350,
  "num_layers": 32,
  "avg_entropy_per_layer": [
    9.350115517912267,
    9.22757888078082,
    9.24224561812407,
    9.304309751187212,
    9.228978581171637,
    9.30298340717115,
    9.320333615690494,
    9.334810222991736,
    9.350769693319029,
    9.39777561520326,
    9.44678045465135,
    9.45087717528728,
    9.48156390575853,
    9.307868465729813,
    9.322885677067152,
    9.258287588481025,
    9.16797982379854,
    8.778509667319783,
    8.339644314826653,
    7.970373244004706,
    6.85182271823331,
    6.323117191273089,
    5.820415043924361,
    5.1401804684971335,
    4.46158557224295,
    3.6684034401844188,
    3.4227177217385414,
    2.9765077902154053,
    2.615002100567962,
    2.1484222285463863,
    1.533965038020791,
    1.0690824405938377
  ],
  "crystallization_layer": {
    "mean": 31.0,
    "median": 31.0,
    "std": 0.0,
    "n": 350
  }
}