{
  "num_records": 106,
  "num_layers": 36,
  "avg_entropy_per_layer": [
    10.541262686897486,
    9.970069238400281,
    10.265905438162577,
    10.210745314715778,
    10.305005089392893,
    10.272738804976422,
    10.345717975040388,
    10.144897685749953,
    10.124533709177078,
    10.086246523156545,
    10.31459091130182,
    10.44450837125763,
    10.502828782398032,
    10.446894936309716,
    10.41865097197473,
    10.104129536794394,
    10.121885938040363,
    9.989481397274421,
    9.685053889154618,
    9.278245725594068,
    8.790068646511157,
    8.240148626158001,
    8.406294903665565,
    7.906317135831084,
    7.552879534374694,
    6.694915937871322,
    6.307400089253262,
    6.108730801423354,
    5.545720875728416,
    4.956262706608008,
    4.683919550053267,
    3.6888596345134355,
    2.8793712973702625,
    2.5944913321659024,
    1.2188922222280583,
    0.9673002798177616
  ],
  "crystallization_layer": {
    "mean": 35.0,
    "median": 35.0,
    "std": 0.0,
    "n": 106
  }
}