{
  "num_records": 330,
  "num_layers": 36,
  "avg_entropy_per_layer": [
    6.305107560561147,
    6.044531435527195,
    6.3385951675844066,
    6.540711255404438,
    7.246881455294751,
    7.300151860961296,
    7.290620911291961,
    7.453535021186736,
    7.119380177587311,
    6.716615092674833,
    6.616481070611459,
    6.601262371229613,
    6.5946561765121725,
    6.44529880667931,
    6.459325647819167,
    6.563634205576116,
    6.50653766354712,
    6.399187521153346,
    6.304987282031878,
    6.000843641099272,
    5.531162574231511,
    5.237262934118075,
    4.036993397866741,
    2.9965551230754364,
    3.091429822747259,
    2.718885086649035,
    2.6873494099976294,
    1.904898330417227,
    1.5533221525431538,
    1.3094103925528977,
    1.2424953637581333,
    0.9305186568913952,
    0.7347957188866161,
    0.6536880977255631,
    0.8539380744266509,
    0.3268360653558322
  ],
  "crystallization_layer": {
    "mean": 35.0,
    "median": 35.0,
    "std": 0.0,
    "n": 330
  }
}