{
  "num_records": 106,
  "num_layers": 36,
  "avg_entropy_per_layer": [
    10.52897609793314,
    9.933481355742327,
    10.254993767142437,
    10.214805226780623,
    10.31086978943162,
    10.25054878301214,
    10.33808614450927,
    10.149483225961108,
    10.133532748342295,
    10.099171618306976,
    10.308946738609455,
    10.438476610161047,
    10.493322446521274,
    10.43554639965068,
    10.416289104049662,
    10.12143575126201,
    10.12259254225914,
    9.978739874019277,
    9.680094229096843,
    9.27232566937301,
    8.772106206371829,
    8.187048984511295,
    8.374670995220432,
    7.855730432324298,
    7.541858972031563,
    6.683789039774965,
    6.2556843311928105,
    6.069194812911659,
    5.480911327252925,
    4.848327519110192,
    4.5804017281802345,
    3.678360963675493,
    2.8879030230221794,
    2.64307933939873,
    1.3211516583635787,
    1.0305555678352976
  ],
  "crystallization_layer": {
    "mean": 35.0,
    "median": 35.0,
    "std": 0.0,
    "n": 106
  }
}