{
  "num_records": 311,
  "num_layers": 32,
  "avg_entropy_per_layer": [
    9.37474123475361,
    9.2577229251674,
    9.268351988345428,
    9.335290939440101,
    9.247624377471167,
    9.335579047171217,
    9.33512395987895,
    9.342806215867208,
    9.352291413298131,
    9.407477631807817,
    9.457643900627604,
    9.46420730107077,
    9.503073387159434,
    9.335169628119854,
    9.352458040935804,
    9.281086616211457,
    9.207038880135038,
    8.793860584617857,
    8.373763652533423,
    7.953401689706174,
    6.948465633578546,
    6.476308083048307,
    5.976331107298869,
    5.158644833750107,
    4.448068621952617,
    3.6153001536134237,
    3.3773204031795205,
    2.8946152288886715,
    2.555367967350662,
    2.0716569663417834,
    1.4856026016742667,
    1.030793347867285
  ],
  "crystallization_layer": {
    "mean": 31.0,
    "median": 31.0,
    "std": 0.0,
    "n": 311
  }
}