{
  "num_records": 350,
  "num_layers": 36,
  "avg_entropy_per_layer": [
    6.297404631140596,
    6.038476849290335,
    6.338999441474227,
    6.528737466144968,
    7.234117633062368,
    7.298940816940078,
    7.28752245454999,
    7.444823111339937,
    7.113131896374198,
    6.703307269984541,
    6.610456535136243,
    6.60451523055302,
    6.60383243393683,
    6.446005759904497,
    6.464240567513025,
    6.5811731308432195,
    6.523475967317689,
    6.413435268711175,
    6.314604700575787,
    6.003743194752236,
    5.530098207954615,
    5.220395286285871,
    4.023702991621473,
    2.9860882488933305,
    3.0937156859085873,
    2.7097037158008925,
    2.6859347920678,
    1.8838120048675258,
    1.536356535781383,
    1.3016541866567237,
    1.2491276400764377,
    0.9330056343698078,
    0.7345564400582338,
    0.6551774284135783,
    0.8448917320731006,
    0.3206800290804139
  ],
  "crystallization_layer": {
    "mean": 35.0,
    "median": 35.0,
    "std": 0.0,
    "n": 350
  }
}