{
  "num_records": 455,
  "num_layers": 36,
  "avg_entropy_per_layer": [
    6.207072070057011,
    5.964866530420356,
    6.265952150078849,
    6.452730781819161,
    7.216731375583629,
    7.278107490872691,
    7.238114001597925,
    7.393543738728678,
    7.018398403209884,
    6.679212137233454,
    6.569127224737495,
    6.574060752773103,
    6.570655676556471,
    6.410290137325196,
    6.439679877555091,
    6.575263248873837,
    6.52529395942748,
    6.424277357971804,
    6.296441445013019,
    5.994393915190981,
    5.501025919370905,
    5.183397749057011,
    3.97634589580893,
    2.9616680855153565,
    3.0862941201851504,
    2.694267825364966,
    2.666806654759153,
    1.8962987610166127,
    1.5419377020250078,
    1.2825770024252592,
    1.2259082857545205,
    0.9155211476139481,
    0.7360379584784628,
    0.6439602417229274,
    0.8248640362623229,
    0.30205039822065466
  ],
  "crystallization_layer": {
    "mean": 35.0,
    "median": 35.0,
    "std": 0.0,
    "n": 455
  }
}