{
  "num_records": 102,
  "num_layers": 36,
  "avg_entropy_per_layer": [
    10.534367639794961,
    9.94816988575028,
    10.261253073679661,
    10.209839146819851,
    10.306877034232212,
    10.252816681461859,
    10.335670007552453,
    10.137958045295845,
    10.121524848478153,
    10.090277933967338,
    10.3049228915096,
    10.437510169661183,
    10.495349487618627,
    10.435930380106983,
    10.41225055817465,
    10.108722666637716,
    10.109550690059368,
    9.965097461596363,
    9.669624646466797,
    9.264528775843559,
    8.755555334248815,
    8.16192627052999,
    8.348828001933063,
    7.807071954630344,
    7.483649812361231,
    6.617042185493123,
    6.207018202547566,
    6.025109393925208,
    5.440505254374278,
    4.807976563229115,
    4.539188201611142,
    3.629617167392273,
    2.833129532206767,
    2.634977303353124,
    1.3069634931963319,
    1.0204388640109812
  ],
  "crystallization_layer": {
    "mean": 35.0,
    "median": 35.0,
    "std": 0.0,
    "n": 102
  }
}