{
  "num_records": 316,
  "num_layers": 32,
  "avg_entropy_per_layer": [
    9.381603768228718,
    9.255946022481215,
    9.275729257365475,
    9.34773466635416,
    9.251558481970665,
    9.339967880277328,
    9.33759870337409,
    9.353337095568902,
    9.360085645358437,
    9.40961435841731,
    9.463545702902968,
    9.470744520676785,
    9.507212681081292,
    9.342876326390375,
    9.35681511611389,
    9.283717712071311,
    9.202832567806517,
    8.790034459894287,
    8.37783259854857,
    7.959085966042163,
    6.902301577704434,
    6.452974862684818,
    5.960302801547026,
    5.138032813345068,
    4.4639912693063994,
    3.6379952925050523,
    3.3854674092401043,
    2.893847712569687,
    2.549585285488931,
    2.072829386096853,
    1.5013925297282353,
    1.051253893180668
  ],
  "crystallization_layer": {
    "mean": 31.0,
    "median": 31.0,
    "std": 0.0,
    "n": 316
  }
}