{
  "num_records": 108,
  "num_layers": 36,
  "avg_entropy_per_layer": [
    10.54265060708409,
    9.968074420634677,
    10.259400345134907,
    10.212723351794716,
    10.307756811776105,
    10.281607323399813,
    10.351987302792582,
    10.154629453877984,
    10.134282125621318,
    10.090168703012413,
    10.321092116110988,
    10.449238821180487,
    10.505253698487126,
    10.453126377270765,
    10.419740336767868,
    10.11586770291835,
    10.12896635095582,
    9.993933302332326,
    9.688202789354955,
    9.2817268481763,
    8.806390034485913,
    8.260637214423648,
    8.415556556688855,
    7.935527491009225,
    7.573775973211587,
    6.731785375596938,
    6.330106763363513,
    6.107495004322864,
    5.5517663520571325,
    4.954701599266774,
    4.658046167936645,
    3.689454171701326,
    2.88439053421305,
    2.5808570517448404,
    1.2189857672645752,
    0.968779028527843
  ],
  "crystallization_layer": {
    "mean": 35.0,
    "median": 35.0,
    "std": 0.0,
    "n": 108
  }
}