{
  "num_records": 394,
  "num_layers": 36,
  "avg_entropy_per_layer": [
    6.281555445085032,
    6.024069621481107,
    6.3138053120218185,
    6.503645724195086,
    7.212645862579046,
    7.277878897444956,
    7.2606737068299365,
    7.427459186653785,
    7.09505586513551,
    6.689914181531985,
    6.59998884990486,
    6.592627776047201,
    6.593724516248852,
    6.432379623556922,
    6.443706745959099,
    6.559565268673703,
    6.50070214792181,
    6.391254568644187,
    6.299034439853651,
    5.9931070167613925,
    5.522338815082507,
    5.204876502421684,
    4.0215982596165825,
    2.9946199987530426,
    3.109942643201064,
    2.7207651964526427,
    2.6949507286278083,
    1.8886511868566276,
    1.5427773858896054,
    1.3058719848858513,
    1.2449107139650093,
    0.9328998518597708,
    0.7438227380936577,
    0.6580800630858379,
    0.8518911161135839,
    0.3242470054752193
  ],
  "crystallization_layer": {
    "mean": 35.0,
    "median": 35.0,
    "std": 0.0,
    "n": 394
  }
}