{
  "num_records": 355,
  "num_layers": 32,
  "avg_entropy_per_layer": [
    9.356871404792342,
    9.235696788673442,
    9.246470530210116,
    9.309304475415603,
    9.226353268821645,
    9.309988089214317,
    9.322639604064548,
    9.335720394603564,
    9.350022059472678,
    9.401953468143027,
    9.452365909931094,
    9.455011371007869,
    9.488842347364297,
    9.315845260435067,
    9.324232519867746,
    9.259555013119922,
    9.167084708267197,
    8.797935805976254,
    8.368511049921915,
    8.017972031360747,
    6.952310511793588,
    6.401534565043846,
    5.889386920105396,
    5.195562542429771,
    4.5089579769982615,
    3.7354898479770346,
    3.472867432940192,
    3.0063736231435207,
    2.6204194992235816,
    2.14619975703537,
    1.531440566384581,
    1.0606844768841135
  ],
  "crystallization_layer": {
    "mean": 31.0,
    "median": 31.0,
    "std": 0.0,
    "n": 355
  }
}