{
  "num_records": 317,
  "num_layers": 32,
  "avg_entropy_per_layer": [
    9.384733154274135,
    9.260453135835629,
    9.267926351289473,
    9.342035547675295,
    9.253501152549102,
    9.334111474861674,
    9.330207044309878,
    9.341950817428442,
    9.345594474797855,
    9.405814278548542,
    9.456590558638414,
    9.464126880630277,
    9.501447643127202,
    9.329558159039356,
    9.34591925175789,
    9.27923357791817,
    9.200014712702782,
    8.798890714544065,
    8.372604939193012,
    7.938471653502356,
    6.956595526158094,
    6.483202856313634,
    5.962470663244152,
    5.174051791899173,
    4.477230967908501,
    3.661229710406619,
    3.425766991967416,
    2.9478367296064323,
    2.583346052169144,
    2.0988729174761267,
    1.506060284511667,
    1.043816944801797
  ],
  "crystallization_layer": {
    "mean": 31.0,
    "median": 31.0,
    "std": 0.0,
    "n": 317
  }
}