{
  "num_records": 351,
  "num_layers": 32,
  "avg_entropy_per_layer": [
    9.38242099431354,
    9.256288930186003,
    9.268989369136074,
    9.339313749408998,
    9.243498625616231,
    9.327052944281832,
    9.327589265234739,
    9.347649875061824,
    9.346500007518317,
    9.404181514096502,
    9.4571722559126,
    9.466040709336854,
    9.498872264356825,
    9.334609921142853,
    9.344967485952242,
    9.277842011412723,
    9.198183149062437,
    8.786897930830287,
    8.380689723199483,
    7.9570980899410255,
    6.937092859060252,
    6.482956577583684,
    5.968927193830352,
    5.171193840790861,
    4.509456537200527,
    3.6959201844572616,
    3.447990575139728,
    2.9599586934638795,
    2.5882651224537283,
    2.093982001251161,
    1.503373645690784,
    1.0532816434263699
  ],
  "crystallization_layer": {
    "mean": 31.0,
    "median": 31.0,
    "std": 0.0,
    "n": 351
  }
}