{
  "num_records": 309,
  "num_layers": 36,
  "avg_entropy_per_layer": [
    10.472176019468026,
    9.897319687291223,
    10.208379288495268,
    10.156021739329038,
    10.299783144364865,
    10.21482037255142,
    10.318992749604744,
    10.207840580606137,
    10.201200246937011,
    10.15372451907281,
    10.3704568803639,
    10.472242744246907,
    10.50971709226062,
    10.448043557164329,
    10.451960803447081,
    10.162847898739013,
    10.148414801896644,
    9.980762643704908,
    9.693766074126655,
    9.30691441273119,
    8.727804629195973,
    8.266309593301493,
    8.430814696240986,
    8.082802927325563,
    7.682125295977656,
    6.9661090551877,
    6.522222968376321,
    6.2885451746080765,
    5.732205880078865,
    5.043347020688481,
    4.8269731545815775,
    3.8773268114375172,
    3.1834978032568553,
    2.653616538323434,
    1.4352250118888712,
    1.1999685293822506
  ],
  "crystallization_layer": {
    "mean": 35.0,
    "median": 35.0,
    "std": 0.0,
    "n": 309
  }
}