group,street,opp_action,n,js_cardonly_mean,js_cardonly_ci_lo,js_cardonly_ci_hi,js_strategyaware_mean,js_strategyaware_ci_lo,js_strategyaware_ci_hi,closer_to,js_difference,llm_trash_mean,oracle_trash_mean
OVERALL,ALL,ALL,49,0.38100049589936474,0.35002877589591935,0.4106280247418628,0.3949107516952824,0.3624006991152373,0.42771661699781127,CardOnly,-0.013910255795917648,0.31582473647890197,0.6646344975779076
street=PREFLOP,PREFLOP,ALL,40,0.3817868865958607,0.34606955068813516,0.4203144822436409,0.39220196250124434,0.35665796030736574,0.4278161447341575,CardOnly,-0.010415075905383653,0.32413379210776105,0.6538368929218471
street=FLOP,FLOP,ALL,9,0.37750542613716037,0.32115657903198236,0.43013375458617414,0.4069498147798958,0.3294221744261643,0.47123597086303626,CardOnly,-0.02944438864273541,0.2788956003506397,0.7126238516048436
opp_action=AGGRESSIVE,ALL,AGGRESSIVE,41,0.3729162414180711,0.3356783389469726,0.40730377008218893,0.38139006935221853,0.34536800709277904,0.4148907032073446,CardOnly,-0.008473827934147415,0.3409016326433787,0.6531983934998322
opp_action=PASSIVE,ALL,PASSIVE,8,0.4224323001159945,0.358438943679771,0.4730392411585536,0.46420424870348476,0.374712540989103,0.5204895858713237,CardOnly,-0.04177194858749028,0.18730564363595908,0.7232445309780444
PREFLOPĂ—AGGRESSIVE,PREFLOP,AGGRESSIVE,34,0.36774360995894967,0.3266742789457885,0.4087041275617526,0.3705975437530662,0.3311155742744564,0.4073502743374366,CardOnly,-0.0028539337941165255,0.3669081027598309,0.6411619727897936
PREFLOPĂ—PASSIVE,PREFLOP,PASSIVE,6,0.46136545420502334,0.43387528297880523,0.4772154976568477,0.5146270020742544,0.48826502959156387,0.5296186304216367,CardOnly,-0.05326154786923104,0.08174603174603176,0.7256614403368168
FLOPĂ—AGGRESSIVE,FLOP,AGGRESSIVE,7,0.39804045136237537,0.32492959976696145,0.4525211170042381,0.4338109079766727,0.33440016970524167,0.500244419915451,CardOnly,-0.03577045661429734,0.21458449207775354,0.7116610083771626
