{
  "model_id": "mistralai/Ministral-8B-Instruct-2410",
  "layer": 16,
  "probe_npz": "results/direction_probe/ministral8b_l16/raw_residuals.npz",
  "buckets": [
    "clean_check_or_call",
    "clean_legal_fold",
    "illegal_fold"
  ],
  "positions_relative": [
    -300,
    -200,
    -100,
    -50,
    -20,
    -10,
    -5,
    -2,
    -1,
    0,
    1,
    2,
    5,
    10,
    20,
    50,
    100
  ],
  "per_bucket_per_position": {
    "clean_check_or_call": {
      "-300": {
        "n": 28,
        "mean": 0.13438010375414575,
        "std": 0.12307232422902442,
        "median": 0.1624530851840973
      },
      "-200": {
        "n": 33,
        "mean": -0.11304061227675641,
        "std": 0.5140154648277707,
        "median": 0.13725270330905914
      },
      "-100": {
        "n": 33,
        "mean": 0.0186598589926055,
        "std": 0.29980786874042625,
        "median": -0.07691878080368042
      },
      "-50": {
        "n": 33,
        "mean": 0.27910557121151325,
        "std": 0.20446182017007386,
        "median": 0.2499282956123352
      },
      "-20": {
        "n": 33,
        "mean": 0.3507445554502986,
        "std": 0.3414511014909157,
        "median": 0.30273154377937317
      },
      "-10": {
        "n": 33,
        "mean": 0.5327209259072939,
        "std": 0.30906557198618134,
        "median": 0.5751928091049194
      },
      "-5": {
        "n": 33,
        "mean": -0.5565336527246417,
        "std": 0.02611068938999205,
        "median": -0.553952693939209
      },
      "-2": {
        "n": 33,
        "mean": -0.26909173528353375,
        "std": 0.1310511052563053,
        "median": -0.23809558153152466
      },
      "-1": {
        "n": 33,
        "mean": 0.5646956061775034,
        "std": 0.23728715445606405,
        "median": 0.5437535643577576
      },
      "0": {
        "n": 33,
        "mean": 1.1381739594719626,
        "std": 0.3162563353520689,
        "median": 1.1991578340530396
      },
      "1": {
        "n": 33,
        "mean": 0.20394154818672122,
        "std": 0.06367881253882948,
        "median": 0.19370460510253906
      },
      "2": {
        "n": 33,
        "mean": 0.9560227493445078,
        "std": 0.23392226151926568,
        "median": 0.9695802330970764
      },
      "5": {
        "n": 13,
        "mean": 0.4950087139239678,
        "std": 0.10215307727745743,
        "median": 0.5020586848258972
      },
      "10": null,
      "20": null,
      "50": null,
      "100": null
    },
    "clean_legal_fold": {
      "-300": {
        "n": 50,
        "mean": 0.3598788533732295,
        "std": 1.424498237633267,
        "median": 0.16182313114404678
      },
      "-200": {
        "n": 50,
        "mean": -0.34004408043343576,
        "std": 0.6271062533265866,
        "median": -0.08259865641593933
      },
      "-100": {
        "n": 50,
        "mean": 0.18779901177156716,
        "std": 0.32166948087729913,
        "median": 0.298137903213501
      },
      "-50": {
        "n": 50,
        "mean": 0.31226171635091304,
        "std": 0.18308102946673435,
        "median": 0.3405861556529999
      },
      "-20": {
        "n": 50,
        "mean": 0.0943412231747061,
        "std": 0.2142676808830822,
        "median": 0.11533308029174805
      },
      "-10": {
        "n": 50,
        "mean": -0.4967752918601036,
        "std": 0.4989595636874483,
        "median": -0.17723645269870758
      },
      "-5": {
        "n": 50,
        "mean": -0.7637215089797974,
        "std": 0.01800938664736935,
        "median": -0.7707310616970062
      },
      "-2": {
        "n": 50,
        "mean": -1.455547683238983,
        "std": 0.038056326185147274,
        "median": -1.458897054195404
      },
      "-1": {
        "n": 50,
        "mean": -1.7384214878082276,
        "std": 0.09236799479334522,
        "median": -1.74146169424057
      },
      "0": {
        "n": 50,
        "mean": -2.0051181626319887,
        "std": 0.09717227865580531,
        "median": -2.0146137475967407
      },
      "1": {
        "n": 50,
        "mean": 0.25384761959314345,
        "std": 0.026487985905415883,
        "median": 0.2601487785577774
      },
      "2": {
        "n": 50,
        "mean": -0.8456965887546539,
        "std": 0.026824178838873863,
        "median": -0.8430230617523193
      },
      "5": null,
      "10": null,
      "20": null,
      "50": null,
      "100": null
    },
    "illegal_fold": {
      "-300": {
        "n": 15,
        "mean": 1.3782934576272965,
        "std": 2.882044135628999,
        "median": 0.21908128261566162
      },
      "-200": {
        "n": 50,
        "mean": 0.055588409453630444,
        "std": 0.27700654951605347,
        "median": 0.0835224837064743
      },
      "-100": {
        "n": 50,
        "mean": 0.3434463755786419,
        "std": 0.27491836105298384,
        "median": 0.31002382934093475
      },
      "-50": {
        "n": 50,
        "mean": 0.2528658701479435,
        "std": 0.27239914631027895,
        "median": 0.30945898592472076
      },
      "-20": {
        "n": 50,
        "mean": 0.21339015278033913,
        "std": 0.1916937388144857,
        "median": 0.21450801938772202
      },
      "-10": {
        "n": 50,
        "mean": -0.22075169545190876,
        "std": 0.3018419399503581,
        "median": -0.09555216878652573
      },
      "-5": {
        "n": 50,
        "mean": -0.7436923575401306,
        "std": 0.019814470137742218,
        "median": -0.7442766427993774
      },
      "-2": {
        "n": 50,
        "mean": -1.3585870838165284,
        "std": 0.05013734986438421,
        "median": -1.3692869544029236
      },
      "-1": {
        "n": 50,
        "mean": -1.4797229778766632,
        "std": 0.17554560078013426,
        "median": -1.505658745765686
      },
      "0": {
        "n": 50,
        "mean": -1.4999379193782807,
        "std": 0.22990528018441836,
        "median": -1.5507574081420898
      },
      "1": {
        "n": 50,
        "mean": 0.21803379774093629,
        "std": 0.132906497592201,
        "median": 0.2513260543346405
      },
      "2": {
        "n": 50,
        "mean": -0.8105962991714477,
        "std": 0.02055819626322165,
        "median": -0.8061214089393616
      },
      "5": null,
      "10": null,
      "20": null,
      "50": null,
      "100": null
    }
  }
}