{
  "model_id": "meta-llama/Llama-3.1-8B-Instruct",
  "layer": 14,
  "pipeline": "recon",
  "filter_recorded_bucket": "illegal_fold",
  "conditions": {
    "baseline": {
      "n": 68,
      "recorded_bucket_frac": {
        "illegal_fold": 1.0
      },
      "replay_bucket_frac": {
        "clean_check_or_call": 0.5,
        "clean_bet_or_raise": 0.23529411764705882,
        "illegal_fold": 0.2647058823529412
      },
      "replay_verb_frac": {
        "CHECK_OR_CALL": 0.5,
        "BET_OR_RAISE": 0.23529411764705882,
        "FOLD": 0.2647058823529412
      },
      "illegal_fold_rate": 0.2647058823529412,
      "clean_check_rate": 0.5,
      "parse_success_rate": 1.0,
      "fallback_rate": 0.0,
      "parseable_json_rate": 1.0,
      "fold_target_flips": {
        "n_recorded_fold": 68,
        "flip_to_check_rate": 0.5,
        "flip_to_bet_rate": 0.23529411764705882,
        "any_flip_rate": 0.7352941176470589,
        "parse_fail_rate": 0.0
      }
    },
    "triplet": {
      "n": 68,
      "recorded_bucket_frac": {
        "illegal_fold": 1.0
      },
      "replay_bucket_frac": {
        "clean_check_or_call": 0.5294117647058824,
        "clean_bet_or_raise": 0.4411764705882353,
        "illegal_fold": 0.029411764705882353
      },
      "replay_verb_frac": {
        "CHECK_OR_CALL": 0.5294117647058824,
        "BET_OR_RAISE": 0.4411764705882353,
        "FOLD": 0.029411764705882353
      },
      "illegal_fold_rate": 0.029411764705882353,
      "clean_check_rate": 0.5294117647058824,
      "parse_success_rate": 1.0,
      "fallback_rate": 0.0,
      "parseable_json_rate": 1.0,
      "fold_target_flips": {
        "n_recorded_fold": 68,
        "flip_to_check_rate": 0.5294117647058824,
        "flip_to_bet_rate": 0.4411764705882353,
        "any_flip_rate": 0.9705882352941176,
        "parse_fail_rate": 0.0
      }
    },
    "control": {
      "n": 68,
      "recorded_bucket_frac": {
        "illegal_fold": 1.0
      },
      "replay_bucket_frac": {
        "clean_check_or_call": 0.38235294117647056,
        "clean_bet_or_raise": 0.3088235294117647,
        "illegal_fold": 0.3088235294117647
      },
      "replay_verb_frac": {
        "CHECK_OR_CALL": 0.38235294117647056,
        "BET_OR_RAISE": 0.3088235294117647,
        "FOLD": 0.3088235294117647
      },
      "illegal_fold_rate": 0.3088235294117647,
      "clean_check_rate": 0.38235294117647056,
      "parse_success_rate": 1.0,
      "fallback_rate": 0.0,
      "parseable_json_rate": 1.0,
      "fold_target_flips": {
        "n_recorded_fold": 68,
        "flip_to_check_rate": 0.38235294117647056,
        "flip_to_bet_rate": 0.3088235294117647,
        "any_flip_rate": 0.6911764705882353,
        "parse_fail_rate": 0.0
      }
    }
  }
}